modelo,f1,accuracy
LogisticRegression,0.6301875192130342,0.7972016183412003
LinearSVC,0.6083697688944409,0.7886041807147673
RandomForest,0.5694098088113051,0.825354012137559
MultinomialNB,0.45833333333333337,0.8071476736345247
